<landisMetadata><extension name="Output Biomass" timeInterval="10"><scenario-replication timeMin="0" timeMax="50" rasterOutCellArea="1" /><outputs><output type="Table" name="SummaryLog" filePath="spp-biomass-log.csv" visualize="True" MetadataFilePath="Metadata\Output Biomass\SummaryLog_Metadata.xml" /><output type="Map" name="abiebals" filePath="biomass/biomass-abiebals-0.img" visualize="True" unit="" dataType="Continuous" /><output type="Map" name="acerrubr" filePath="biomass/biomass-acerrubr-0.img" visualize="True" unit="" dataType="Continuous" /><output type="Map" name="acersacc" filePath="biomass/biomass-acersacc-0.img" visualize="True" unit="" dataType="Continuous" /><output type="Map" name="pinustro" filePath="biomass/biomass-pinustro-0.img" visualize="True" unit="" dataType="Continuous" /><output type="Map" name="querrubr" filePath="biomass/biomass-querrubr-0.img" visualize="True" unit="" dataType="Continuous" /><output type="Map" name="TotalBiomass" filePath="biomass/biomass-TotalBiomass-0.img" visualize="True" unit="" dataType="Continuous" /><output type="Map" name="WoodyDebrisMap" filePath="biomass/biomass-woody-0.img" visualize="True" unit="" dataType="Continuous" /><output type="Map" name="NonWoodyDebrisMap" filePath="biomass/biomass-non-woody-0.img" visualize="True" unit="" dataType="Continuous" /></outputs></extension></landisMetadata>
