<landisMetadata><output><extension name="Output Biomass" metadataFilePath="Output Biomass.xml" /><fields><field name="Time" description="Simulation Year" unit="year" /><field name="EcoName" description="Ecoregion Name" /><field name="NumActiveSites" description="Number of Active Sites" unit="count" /><field name="AboveGroundBiomass_abiebals" description="Mean Aboveground Biomass by Species" /><field name="AboveGroundBiomass_acerrubr" description="Mean Aboveground Biomass by Species" /><field name="AboveGroundBiomass_acersacc" description="Mean Aboveground Biomass by Species" /><field name="AboveGroundBiomass_pinubank" description="Mean Aboveground Biomass by Species" /><field name="AboveGroundBiomass_pinuresi" description="Mean Aboveground Biomass by Species" /><field name="AboveGroundBiomass_pinustro" description="Mean Aboveground Biomass by Species" /><field name="AboveGroundBiomass_querelli" description="Mean Aboveground Biomass by Species" /><field name="AboveGroundBiomass_querrubr" description="Mean Aboveground Biomass by Species" /></fields></output></landisMetadata>
