<landisMetadata><extension name="Biomass Harvest" timeInterval="10"><scenario-replication timeMin="0" timeMax="50" rasterOutCellArea="1" /><outputs><output type="Table" name="EventLog" filePath="biomass-harvest-event-log.csv" visualize="False" MetadataFilePath="Metadata\Biomass Harvest\EventLog_Metadata.xml" /><output type="Table" name="SummaryLog" filePath="biomass-harvest-summary-log.csv" visualize="True" MetadataFilePath="Metadata\Biomass Harvest\SummaryLog_Metadata.xml" /><output type="Map" name="prescription" filePath="harvest/biomass-harvest-prescripts-{timestep}.img" visualize="True" unit="" dataType="Nominal" /></outputs></extension></landisMetadata>
