<landisMetadata><output><extension name="Biomass Harvest" metadataFilePath="Biomass Harvest.xml" /><fields><field name="Time" description="Harvest Year" unit="year" /><field name="ManagementArea" description="Management Area" /><field name="Prescription" description="Prescription Name" /><field name="Stand" description="Stand" /><field name="EventID" description="Event ID" /><field name="StandAge" description="Stand Age" unit="year" /><field name="StandRank" description="Stand Rank" /><field name="NumberOfSites" description="Number of Sites" unit="count" /><field name="HarvestedSites" description="Number of Sites Harvested" unit="count" /><field name="MgBiomassRemoved" description="Biomass Removed (Mg)" unit="Mg ha-1" format="0.00" /><field name="MgBioRemovedPerDamagedHa" description="Biomass Removed (Mg) per damaged hectare" unit="Mg ha-1" format="0.00" /><field name="TotalCohortsPartialHarvest" description="Number of Cohorts Partially Harvested" unit="count" /><field name="TotalCohortsCompleteHarvest" description="Number of Cohorts Completely Harvested" unit="count" /><field name="CohortsHarvested_abiebals" description="Species Cohorts Harvested by Species" unit="count" /><field name="CohortsHarvested_acerrubr" description="Species Cohorts Harvested by Species" unit="count" /><field name="CohortsHarvested_acersacc" description="Species Cohorts Harvested by Species" unit="count" /><field name="CohortsHarvested_pinubank" description="Species Cohorts Harvested by Species" unit="count" /><field name="CohortsHarvested_pinuresi" description="Species Cohorts Harvested by Species" unit="count" /><field name="CohortsHarvested_pinustro" description="Species Cohorts Harvested by Species" unit="count" /><field name="CohortsHarvested_querelli" description="Species Cohorts Harvested by Species" unit="count" /><field name="CohortsHarvested_querrubr" description="Species Cohorts Harvested by Species" unit="count" /><field name="BiomassHarvestedMg_abiebals" description="Biomass Harvested by Species (Mg)" unit="" /><field name="BiomassHarvestedMg_acerrubr" description="Biomass Harvested by Species (Mg)" unit="" /><field name="BiomassHarvestedMg_acersacc" description="Biomass Harvested by Species (Mg)" unit="" /><field name="BiomassHarvestedMg_pinubank" description="Biomass Harvested by Species (Mg)" unit="" /><field name="BiomassHarvestedMg_pinuresi" description="Biomass Harvested by Species (Mg)" unit="" /><field name="BiomassHarvestedMg_pinustro" description="Biomass Harvested by Species (Mg)" unit="" /><field name="BiomassHarvestedMg_querelli" description="Biomass Harvested by Species (Mg)" unit="" /><field name="BiomassHarvestedMg_querrubr" description="Biomass Harvested by Species (Mg)" unit="" /></fields></output></landisMetadata>
