<landisMetadata><output><extension name="Biomass Harvest" metadataFilePath="Biomass Harvest.xml" /><fields><field name="Time" description="Simulation Year" unit="year" /><field name="ManagementArea" description="Management Area" /><field name="Prescription" description="Prescription Name" /><field name="HarvestedSites" description="Harvested Sites" unit="count" /><field name="TotalCohortsCompleteHarvest" description="Total Cohorts Complete Harvest" unit="count" /><field name="TotalCohortsPartialHarvest" description="Total Cohorts Partial Harvest" unit="count" /><field name="TotalBiomassHarvested" description="Total Biomass Harvested (Mg)" unit="" /><field name="CohortsHarvested_abiebals" description="Number of Cohorts Harvested by Species" unit="count" /><field name="CohortsHarvested_acerrubr" description="Number of Cohorts Harvested by Species" unit="count" /><field name="CohortsHarvested_acersacc" description="Number of Cohorts Harvested by Species" unit="count" /><field name="CohortsHarvested_pinubank" description="Number of Cohorts Harvested by Species" unit="count" /><field name="CohortsHarvested_pinuresi" description="Number of Cohorts Harvested by Species" unit="count" /><field name="CohortsHarvested_pinustro" description="Number of Cohorts Harvested by Species" unit="count" /><field name="CohortsHarvested_querelli" description="Number of Cohorts Harvested by Species" unit="count" /><field name="CohortsHarvested_querrubr" description="Number of Cohorts Harvested by Species" unit="count" /><field name="BiomassHarvestedMg_abiebals" description="Biomass Harvested by Species (Mg)" unit="" /><field name="BiomassHarvestedMg_acerrubr" description="Biomass Harvested by Species (Mg)" unit="" /><field name="BiomassHarvestedMg_acersacc" description="Biomass Harvested by Species (Mg)" unit="" /><field name="BiomassHarvestedMg_pinubank" description="Biomass Harvested by Species (Mg)" unit="" /><field name="BiomassHarvestedMg_pinuresi" description="Biomass Harvested by Species (Mg)" unit="" /><field name="BiomassHarvestedMg_pinustro" description="Biomass Harvested by Species (Mg)" unit="" /><field name="BiomassHarvestedMg_querelli" description="Biomass Harvested by Species (Mg)" unit="" /><field name="BiomassHarvestedMg_querrubr" description="Biomass Harvested by Species (Mg)" unit="" /></fields></output></landisMetadata>
