<landisMetadata><output><extension name="Biomass Succession" metadataFilePath="Biomass Succession.xml" /><fields><field name="Time" description="Time" unit="year" /><field name="EcoName" description="Ecoregoin Name" /><field name="ActiveCount" description="Active Site Count" /><field name="AvgLiveB" description="Average LiveB" /><field name="AvgAG_NPP" description="Average AG_NPP" /><field name="AvgLitterB" description="Average LitterB" /><field name="AvgDefoliation" description="Average Defoliation" /></fields></output></landisMetadata>
